,Label,Similar
0,1000000.h5,
1,1000001.h5,
2,1000003.h5,
3,1000004.h5,
4,1000005.h5,
5,1000006.h5,
6,1000007.h5,
7,1000017.h5,"1000032.h5, 1000059.h5"
8,1000018.h5,
9,1000019.h5,
10,1000020.h5,
11,1000021.h5,
12,1000022.h5,"1000290.h5, 1000291.h5, 1000301.h5, 1000302.h5, 1000311.h5, 1000312.h5, 1000313.h5, 1000314.h5, 1000315.h5, 1000316.h5, 1000317.h5, 1000318.h5"
13,1000023.h5,
14,1000024.h5,
15,1000025.h5,
16,1000026.h5,
17,1000027.h5,
18,1000028.h5,
19,1000029.h5,
20,1000030.h5,"1000066.h5, 1000234.h5, 1001377.h5, 1001378.h5, 1001379.h5, 1001422.h5, 1001423.h5, 1001424.h5, 1001432.h5, 1001435.h5, 1001436.h5, 1001452.h5, 1001453.h5, 1001454.h5, 1001455.h5, 1001456.h5, 1001457.h5"
21,1000031.h5,
22,1000032.h5,1000059.h5
23,1000033.h5,
24,1000034.h5,
25,1000035.h5,
26,1000036.h5,
27,1000037.h5,
28,1000038.h5,
29,1000039.h5,
30,1000040.h5,
31,1000041.h5,
32,1000042.h5,
33,1000043.h5,
34,1000044.h5,
35,1000045.h5,
36,1000046.h5,
37,1000047.h5,
38,1000048.h5,
39,1000049.h5,
40,1000050.h5,
41,1000051.h5,
42,1000052.h5,
43,1000053.h5,
44,1000054.h5,
45,1000055.h5,1000057.h5
46,1000056.h5,
47,1000057.h5,
48,1000058.h5,
49,1000059.h5,
50,1000060.h5,
51,1000061.h5,
52,1000062.h5,
53,1000063.h5,
54,1000064.h5,
55,1000065.h5,
56,1000066.h5,"1000234.h5, 1001377.h5, 1001378.h5, 1001379.h5, 1001422.h5, 1001423.h5, 1001424.h5, 1001432.h5, 1001435.h5, 1001436.h5, 1001454.h5, 1001455.h5, 1001456.h5, 1001457.h5, 1001452.h5, 1001453.h5"
57,1000067.h5,
58,1000068.h5,1000069.h5
59,1000069.h5,
60,1000070.h5,
61,1000071.h5,
62,1000072.h5,
63,1000073.h5,
64,1000074.h5,
65,1000075.h5,
66,1000076.h5,
67,1000077.h5,
68,1000078.h5,
69,1000080.h5,
70,1000081.h5,
71,1000082.h5,
72,1000083.h5,1000084.h5
73,1000084.h5,
74,1000085.h5,
75,1000086.h5,
76,1000087.h5,
77,1000088.h5,
78,1000089.h5,
79,1000090.h5,
80,1000091.h5,
81,1000092.h5,
82,1000093.h5,
83,1000094.h5,
84,1000095.h5,
85,1000096.h5,
86,1000097.h5,
87,1000098.h5,
88,1000099.h5,
89,1000100.h5,
90,1000101.h5,1000102.h5
91,1000102.h5,
92,1000103.h5,
93,1000104.h5,
94,1000105.h5,
95,1000106.h5,
96,1000107.h5,
97,1000108.h5,
98,1000109.h5,
99,1000110.h5,
100,1000111.h5,
101,1000112.h5,
102,1000113.h5,
103,1000114.h5,
104,1000115.h5,
105,1000116.h5,
106,1000117.h5,
107,1000118.h5,
108,1000119.h5,
109,1000120.h5,
110,1000121.h5,
111,1000122.h5,
112,1000123.h5,
113,1000124.h5,
114,1000125.h5,"1000126.h5, 1000127.h5, 1000166.h5, 1000207.h5"
115,1000126.h5,"1000127.h5, 1000166.h5, 1000207.h5"
116,1000127.h5,"1000166.h5, 1000207.h5"
117,1000128.h5,
118,1000129.h5,
119,1000130.h5,
120,1000131.h5,
121,1000132.h5,
122,1000133.h5,
123,1000134.h5,
124,1000135.h5,
125,1000136.h5,
126,1000137.h5,1000138.h5
127,1000138.h5,
128,1000139.h5,
129,1000140.h5,
130,1000141.h5,
131,1000142.h5,1000143.h5
132,1000143.h5,
133,1000144.h5,
134,1000145.h5,1000472.h5
135,1000146.h5,
136,1000147.h5,
137,1000148.h5,
138,1000149.h5,
139,1000150.h5,"1000151.h5, 1000152.h5, 1000153.h5"
140,1000151.h5,"1000152.h5, 1000153.h5"
141,1000152.h5,1000153.h5
142,1000153.h5,
143,1000154.h5,
144,1000157.h5,
145,1000158.h5,
146,1000159.h5,1000160.h5
147,1000160.h5,
148,1000161.h5,
149,1000162.h5,
150,1000163.h5,
151,1000164.h5,
152,1000165.h5,
153,1000166.h5,1000207.h5
154,1000167.h5,
155,1000168.h5,
156,1000169.h5,1000494.h5
157,1000170.h5,
158,1000171.h5,1001061.h5
159,1000172.h5,1000493.h5
160,1000173.h5,"1000495.h5, 1001264.h5"
161,1000174.h5,
162,1000175.h5,
163,1000176.h5,
164,1000177.h5,
165,1000178.h5,1000239.h5
166,1000179.h5,
167,1000180.h5,
168,1000181.h5,
169,1000182.h5,"1000199.h5, 1000273.h5, 1000274.h5, 1000275.h5, 1000277.h5"
170,1000183.h5,"1000275.h5, 1000276.h5, 1000277.h5"
171,1000184.h5,
172,1000185.h5,1000186.h5
173,1000186.h5,
174,1000187.h5,
175,1000188.h5,
176,1000189.h5,"1000190.h5, 1000401.h5"
177,1000190.h5,1000401.h5
178,1000191.h5,1000192.h5
179,1000192.h5,
180,1000193.h5,
181,1000194.h5,
182,1000196.h5,
183,1000197.h5,
184,1000198.h5,
185,1000199.h5,"1000273.h5, 1000274.h5, 1000275.h5, 1000277.h5, 1000276.h5"
186,1000200.h5,
187,1000201.h5,
188,1000202.h5,
189,1000204.h5,
190,1000205.h5,
191,1000206.h5,
192,1000207.h5,
193,1000208.h5,
194,1000209.h5,
195,1000210.h5,1000212.h5
196,1000211.h5,1000213.h5
197,1000212.h5,
198,1000213.h5,
199,1000214.h5,
200,1000215.h5,1000216.h5
201,1000216.h5,
202,1000217.h5,1000226.h5
203,1000218.h5,1000223.h5
204,1000219.h5,
205,1000220.h5,1000278.h5
206,1000221.h5,"1000222.h5, 1000407.h5"
207,1000222.h5,1000407.h5
208,1000223.h5,
209,1000226.h5,
210,1000227.h5,
211,1000228.h5,
212,1000229.h5,
213,1000230.h5,"1000247.h5, 1000452.h5"
214,1000231.h5,
215,1000232.h5,
216,1000233.h5,
217,1000234.h5,"1001377.h5, 1001378.h5, 1001379.h5, 1001422.h5, 1001423.h5, 1001424.h5, 1001432.h5, 1001435.h5, 1001436.h5, 1001454.h5, 1001455.h5, 1001456.h5, 1001457.h5, 1001452.h5, 1001453.h5"
218,1000235.h5,
219,1000236.h5,
220,1000237.h5,"1000258.h5, 1000259.h5"
221,1000238.h5,
222,1000239.h5,
223,1000240.h5,"1001035.h5, 1001167.h5"
224,1000241.h5,
225,1000242.h5,
226,1000243.h5,1000244.h5
227,1000244.h5,
228,1000245.h5,1000246.h5
229,1000246.h5,
230,1000247.h5,1000452.h5
231,1000248.h5,1000249.h5
232,1000249.h5,
233,1000250.h5,
234,1000251.h5,
235,1000252.h5,
236,1000253.h5,
237,1000254.h5,
238,1000255.h5,
239,1000256.h5,"1001095.h5, 1001134.h5"
240,1000257.h5,"1000258.h5, 1000259.h5"
241,1000258.h5,1000259.h5
242,1000259.h5,
243,1000260.h5,1000261.h5
244,1000261.h5,
245,1000262.h5,1000478.h5
246,1000263.h5,
247,1000264.h5,"1000265.h5, 1000266.h5"
248,1000265.h5,1000266.h5
249,1000266.h5,
250,1000267.h5,1000268.h5
251,1000268.h5,
252,1000269.h5,
253,1000270.h5,
254,1000271.h5,
255,1000272.h5,
256,1000273.h5,1000274.h5
257,1000274.h5,
258,1000275.h5,"1000276.h5, 1000277.h5"
259,1000276.h5,1000277.h5
260,1000277.h5,
261,1000278.h5,
262,1000279.h5,
263,1000280.h5,
264,1000281.h5,
265,1000282.h5,
266,1000283.h5,
267,1000284.h5,
268,1000285.h5,
269,1000286.h5,
270,1000287.h5,
271,1000288.h5,
272,1000289.h5,
273,1000290.h5,"1000291.h5, 1000301.h5, 1000302.h5, 1000303.h5, 1000311.h5, 1000312.h5, 1000313.h5, 1000314.h5, 1000315.h5, 1000316.h5, 1000317.h5, 1000318.h5, 1000292.h5"
274,1000291.h5,"1000292.h5, 1000301.h5, 1000302.h5, 1000311.h5, 1000312.h5, 1000313.h5, 1000314.h5, 1000315.h5, 1000316.h5, 1000317.h5, 1000318.h5"
275,1000292.h5,"1000293.h5, 1000294.h5, 1000307.h5, 1000308.h5, 1000309.h5, 1000310.h5"
276,1000293.h5,"1000294.h5, 1000307.h5, 1000308.h5, 1000309.h5, 1000310.h5"
277,1000294.h5,"1000307.h5, 1000308.h5, 1000309.h5, 1000310.h5"
278,1000295.h5,1000296.h5
279,1000296.h5,
280,1000297.h5,
281,1000298.h5,
282,1000299.h5,
283,1000300.h5,
284,1000301.h5,"1000302.h5, 1000303.h5, 1000311.h5, 1000312.h5, 1000313.h5, 1000314.h5, 1000315.h5, 1000316.h5, 1000317.h5, 1000318.h5"
285,1000302.h5,"1000303.h5, 1000311.h5, 1000312.h5, 1000313.h5, 1000314.h5, 1000315.h5, 1000316.h5, 1000317.h5, 1000318.h5"
286,1000303.h5,"1000311.h5, 1000312.h5, 1000313.h5, 1000314.h5, 1000315.h5, 1000316.h5, 1000317.h5, 1000318.h5"
287,1000304.h5,
288,1000305.h5,
289,1000306.h5,
290,1000307.h5,"1000308.h5, 1000309.h5, 1000310.h5"
291,1000308.h5,"1000309.h5, 1000310.h5"
292,1000309.h5,1000310.h5
293,1000310.h5,
294,1000311.h5,"1000312.h5, 1000313.h5, 1000314.h5, 1000315.h5, 1000316.h5, 1000317.h5, 1000318.h5"
295,1000312.h5,"1000313.h5, 1000314.h5, 1000315.h5, 1000316.h5, 1000317.h5, 1000318.h5"
296,1000313.h5,"1000314.h5, 1000315.h5, 1000316.h5, 1000317.h5, 1000318.h5"
297,1000314.h5,"1000315.h5, 1000316.h5, 1000317.h5, 1000318.h5"
298,1000315.h5,"1000316.h5, 1000317.h5, 1000318.h5"
299,1000316.h5,"1000317.h5, 1000318.h5"
300,1000317.h5,1000318.h5
301,1000318.h5,
302,1000319.h5,
303,1000320.h5,"1000471.h5, 1000477.h5"
304,1000321.h5,1000394.h5
305,1000322.h5,
306,1000323.h5,
307,1000324.h5,
308,1000325.h5,
309,1000326.h5,
310,1000327.h5,
311,1000328.h5,
312,1000329.h5,
313,1000330.h5,
314,1000331.h5,
315,1000332.h5,
316,1000333.h5,
317,1000334.h5,
318,1000335.h5,
319,1000336.h5,
320,1000337.h5,
321,1000338.h5,
322,1000339.h5,
323,1000340.h5,
324,1000341.h5,
325,1000342.h5,
326,1000343.h5,
327,1000344.h5,
328,1000345.h5,
329,1000346.h5,
330,1000347.h5,
331,1000348.h5,
332,1000349.h5,
333,1000350.h5,
334,1000351.h5,
335,1000352.h5,
336,1000353.h5,
337,1000354.h5,
338,1000355.h5,1000460.h5
339,1000356.h5,
340,1000357.h5,
341,1000358.h5,
342,1000359.h5,
343,1000360.h5,
344,1000361.h5,
345,1000362.h5,
346,1000363.h5,
347,1000364.h5,
348,1000365.h5,"1000366.h5, 1000367.h5"
349,1000366.h5,"1000367.h5, 1000368.h5"
350,1000367.h5,1000368.h5
351,1000368.h5,
352,1000369.h5,
353,1000370.h5,
354,1000371.h5,
355,1000372.h5,
356,1000373.h5,
357,1000374.h5,1000375.h5
358,1000375.h5,
359,1000376.h5,
360,1000377.h5,
361,1000378.h5,
362,1000379.h5,
363,1000380.h5,
364,1000381.h5,"1000382.h5, 1000383.h5, 1000384.h5, 1000385.h5"
365,1000382.h5,"1000383.h5, 1000384.h5, 1000385.h5, 1000386.h5, 1000387.h5"
366,1000383.h5,"1000384.h5, 1000385.h5, 1000386.h5, 1000387.h5"
367,1000384.h5,"1000385.h5, 1000386.h5, 1000387.h5"
368,1000385.h5,"1000386.h5, 1000387.h5"
369,1000386.h5,1000387.h5
370,1000387.h5,
371,1000388.h5,
372,1000389.h5,1000390.h5
373,1000390.h5,
374,1000391.h5,1000448.h5
375,1000392.h5,
376,1000393.h5,
377,1000394.h5,
378,1000395.h5,
379,1000396.h5,
380,1000397.h5,
381,1000398.h5,
382,1000399.h5,
383,1000400.h5,
384,1000401.h5,
385,1000402.h5,"1000404.h5, 1000405.h5, 1000406.h5"
386,1000403.h5,
387,1000404.h5,"1000405.h5, 1000406.h5"
388,1000405.h5,1000406.h5
389,1000406.h5,
390,1000407.h5,
391,1000408.h5,
392,1000409.h5,1000410.h5
393,1000410.h5,
394,1000411.h5,
395,1000412.h5,
396,1000413.h5,
397,1000414.h5,
398,1000415.h5,
399,1000416.h5,
400,1000417.h5,
401,1000418.h5,
402,1000419.h5,
403,1000420.h5,
404,1000421.h5,1000422.h5
405,1000422.h5,
406,1000423.h5,
407,1000424.h5,
408,1000425.h5,
409,1000426.h5,
410,1000427.h5,
411,1000428.h5,1000429.h5
412,1000429.h5,
413,1000430.h5,
414,1000431.h5,
415,1000432.h5,1001219.h5
416,1000433.h5,
417,1000434.h5,"1001220.h5, 1001290.h5"
418,1000435.h5,
419,1000436.h5,"1000437.h5, 1000438.h5"
420,1000437.h5,1000438.h5
421,1000438.h5,
422,1000439.h5,
423,1000440.h5,
424,1000441.h5,
425,1000442.h5,
426,1000443.h5,1000444.h5
427,1000444.h5,
428,1000445.h5,1000446.h5
429,1000446.h5,
430,1000447.h5,
431,1000448.h5,
432,1000449.h5,
433,1000450.h5,
434,1000451.h5,
435,1000452.h5,
436,1000453.h5,
437,1000454.h5,"1000455.h5, 1000496.h5"
438,1000455.h5,1000496.h5
439,1000456.h5,1000457.h5
440,1000457.h5,
441,1000458.h5,
442,1000460.h5,
443,1000461.h5,1000462.h5
444,1000462.h5,
445,1000463.h5,
446,1000464.h5,
447,1000465.h5,
448,1000466.h5,
449,1000467.h5,
450,1000468.h5,
451,1000469.h5,
452,1000470.h5,
453,1000471.h5,1000477.h5
454,1000472.h5,
455,1000473.h5,
456,1000474.h5,
457,1000475.h5,
458,1000476.h5,
459,1000477.h5,
460,1000478.h5,
461,1000479.h5,
462,1000480.h5,
463,1000481.h5,
464,1000482.h5,
465,1000483.h5,
466,1000484.h5,
467,1000485.h5,
468,1000486.h5,
469,1000487.h5,
470,1000488.h5,
471,1000489.h5,
472,1000490.h5,
473,1000491.h5,
474,1000492.h5,
475,1000493.h5,
476,1000494.h5,
477,1000495.h5,1001264.h5
478,1000496.h5,
479,1000497.h5,
480,1000498.h5,
481,1000499.h5,
482,1000500.h5,
483,1000501.h5,
484,1000502.h5,
485,1000503.h5,
486,1000504.h5,
487,1000505.h5,
488,1000506.h5,
489,1000507.h5,
490,1000508.h5,
491,1000509.h5,
492,1000510.h5,
493,1001000.h5,
494,1001001.h5,
495,1001002.h5,
496,1001003.h5,
497,1001004.h5,
498,1001005.h5,
499,1001007.h5,
500,1001008.h5,
501,1001009.h5,1001032.h5
502,1001010.h5,
503,1001011.h5,
504,1001013.h5,
505,1001014.h5,
506,1001015.h5,1001016.h5
507,1001016.h5,
508,1001017.h5,
509,1001018.h5,
510,1001019.h5,
511,1001020.h5,
512,1001021.h5,
513,1001022.h5,
514,1001023.h5,
515,1001024.h5,
516,1001025.h5,
517,1001026.h5,
518,1001027.h5,
519,1001028.h5,
520,1001029.h5,"1001300.h5, 1001304.h5, 1001303.h5"
521,1001030.h5,"1001263.h5, 1001266.h5"
522,1001031.h5,
523,1001032.h5,
524,1001033.h5,
525,1001034.h5,1001183.h5
526,1001035.h5,1001167.h5
527,1001036.h5,
528,1001037.h5,
529,1001038.h5,
530,1001039.h5,"1001040.h5, 1001041.h5, 1001042.h5, 1001043.h5, 1001044.h5, 1001045.h5, 1001046.h5"
531,1001040.h5,"1001041.h5, 1001042.h5, 1001043.h5, 1001044.h5, 1001045.h5, 1001046.h5"
532,1001041.h5,"1001042.h5, 1001043.h5, 1001044.h5, 1001045.h5, 1001046.h5"
533,1001042.h5,"1001043.h5, 1001044.h5, 1001045.h5, 1001046.h5"
534,1001043.h5,"1001044.h5, 1001045.h5, 1001046.h5"
535,1001044.h5,"1001045.h5, 1001046.h5"
536,1001045.h5,1001046.h5
537,1001046.h5,
538,1001047.h5,
539,1001048.h5,
540,1001049.h5,
541,1001050.h5,
542,1001051.h5,1001154.h5
543,1001052.h5,"1001149.h5, 1001168.h5, 1001223.h5"
544,1001053.h5,
545,1001054.h5,"1001472.h5, 1001473.h5"
546,1001055.h5,
547,1001056.h5,1001123.h5
548,1001057.h5,
549,1001058.h5,1001059.h5
550,1001059.h5,
551,1001060.h5,"1001062.h5, 1001063.h5"
552,1001061.h5,
553,1001062.h5,1001063.h5
554,1001063.h5,
555,1001064.h5,
556,1001065.h5,
557,1001066.h5,
558,1001072.h5,
559,1001073.h5,
560,1001074.h5,
561,1001075.h5,"1001076.h5, 1001077.h5"
562,1001076.h5,1001077.h5
563,1001077.h5,
564,1001078.h5,
565,1001079.h5,
566,1001080.h5,
567,1001081.h5,
568,1001082.h5,
569,1001083.h5,1001088.h5
570,1001084.h5,
571,1001085.h5,"1001086.h5, 1001280.h5"
572,1001086.h5,1001280.h5
573,1001087.h5,
574,1001088.h5,
575,1001089.h5,
576,1001090.h5,
577,1001091.h5,
578,1001092.h5,"1001093.h5, 1001146.h5"
579,1001093.h5,1001146.h5
580,1001094.h5,1001132.h5
581,1001095.h5,1001134.h5
582,1001096.h5,
583,1001097.h5,
584,1001098.h5,"1001099.h5, 1001101.h5"
585,1001099.h5,1001101.h5
586,1001100.h5,1001101.h5
587,1001101.h5,
588,1001102.h5,
589,1001103.h5,
590,1001104.h5,
591,1001105.h5,
592,1001106.h5,
593,1001107.h5,
594,1001108.h5,
595,1001109.h5,
596,1001110.h5,
597,1001111.h5,
598,1001112.h5,
599,1001113.h5,
600,1001114.h5,
601,1001115.h5,
602,1001116.h5,
603,1001117.h5,
604,1001118.h5,
605,1001119.h5,
606,1001120.h5,
607,1001121.h5,
608,1001122.h5,
609,1001123.h5,
610,1001124.h5,1001125.h5
611,1001125.h5,
612,1001126.h5,
613,1001127.h5,
614,1001128.h5,
615,1001129.h5,1001130.h5
616,1001130.h5,
617,1001131.h5,
618,1001132.h5,
619,1001133.h5,
620,1001134.h5,
621,1001135.h5,
622,1001136.h5,"1001137.h5, 1001142.h5"
623,1001137.h5,
624,1001138.h5,
625,1001139.h5,
626,1001140.h5,
627,1001141.h5,
628,1001142.h5,
629,1001143.h5,
630,1001144.h5,
631,1001145.h5,
632,1001146.h5,
633,1001147.h5,1001148.h5
634,1001148.h5,
635,1001149.h5,"1001168.h5, 1001223.h5"
636,1001150.h5,
637,1001151.h5,
638,1001152.h5,"1001153.h5, 1001231.h5"
639,1001153.h5,1001231.h5
640,1001154.h5,
641,1001155.h5,
642,1001156.h5,
643,1001157.h5,
644,1001158.h5,
645,1001159.h5,
646,1001160.h5,
647,1001161.h5,
648,1001162.h5,
649,1001163.h5,
650,1001164.h5,
651,1001165.h5,"1001166.h5, 1001268.h5"
652,1001166.h5,
653,1001167.h5,
654,1001168.h5,1001223.h5
655,1001169.h5,
656,1001170.h5,
657,1001171.h5,
658,1001172.h5,"1001376.h5, 1001400.h5, 1001433.h5"
659,1001173.h5,"1001225.h5, 1001237.h5"
660,1001174.h5,
661,1001175.h5,
662,1001176.h5,
663,1001177.h5,"1001178.h5, 1001179.h5, 1001183.h5"
664,1001178.h5,"1001179.h5, 1001183.h5"
665,1001179.h5,1001183.h5
666,1001180.h5,
667,1001181.h5,
668,1001182.h5,
669,1001183.h5,
670,1001184.h5,1001185.h5
671,1001185.h5,
672,1001186.h5,
673,1001187.h5,
674,1001188.h5,
675,1001189.h5,
676,1001190.h5,
677,1001191.h5,
678,1001192.h5,
679,1001193.h5,
680,1001194.h5,1001195.h5
681,1001195.h5,
682,1001196.h5,
683,1001197.h5,
684,1001198.h5,
685,1001199.h5,
686,1001200.h5,
687,1001201.h5,1001305.h5
688,1001202.h5,
689,1001203.h5,
690,1001204.h5,
691,1001205.h5,1001206.h5
692,1001206.h5,
693,1001208.h5,
694,1001209.h5,"1001234.h5, 1001335.h5, 1001336.h5"
695,1001210.h5,
696,1001211.h5,"1001212.h5, 1001213.h5"
697,1001212.h5,1001213.h5
698,1001213.h5,
699,1001216.h5,
700,1001218.h5,
701,1001219.h5,
702,1001220.h5,1001290.h5
703,1001221.h5,
704,1001222.h5,
705,1001223.h5,
706,1001224.h5,"1001306.h5, 1001307.h5, 1001308.h5, 1001309.h5, 1001310.h5, 1001311.h5, 1001312.h5"
707,1001225.h5,1001237.h5
708,1001226.h5,
709,1001227.h5,
710,1001228.h5,
711,1001229.h5,
712,1001230.h5,
713,1001231.h5,
714,1001232.h5,
715,1001233.h5,
716,1001234.h5,"1001335.h5, 1001336.h5"
717,1001235.h5,
718,1001236.h5,1001380.h5
719,1001237.h5,
720,1001238.h5,"1001239.h5, 1001240.h5, 1001241.h5, 1001242.h5, 1001243.h5"
721,1001239.h5,"1001240.h5, 1001241.h5, 1001242.h5, 1001243.h5"
722,1001240.h5,"1001241.h5, 1001242.h5, 1001243.h5"
723,1001241.h5,"1001242.h5, 1001243.h5"
724,1001242.h5,1001243.h5
725,1001243.h5,
726,1001244.h5,"1001245.h5, 1001246.h5, 1001247.h5, 1001248.h5, 1001249.h5"
727,1001245.h5,"1001246.h5, 1001247.h5, 1001248.h5, 1001249.h5"
728,1001246.h5,"1001247.h5, 1001248.h5, 1001249.h5"
729,1001247.h5,"1001248.h5, 1001249.h5"
730,1001248.h5,1001249.h5
731,1001249.h5,
732,1001250.h5,
733,1001251.h5,
734,1001252.h5,
735,1001253.h5,
736,1001254.h5,
737,1001255.h5,
738,1001256.h5,1001317.h5
739,1001257.h5,
740,1001258.h5,"1001259.h5, 1001416.h5, 1001462.h5"
741,1001259.h5,"1001416.h5, 1001462.h5"
742,1001260.h5,"1001261.h5, 1001462.h5"
743,1001261.h5,1001462.h5
744,1001263.h5,
745,1001264.h5,
746,1001265.h5,
747,1001266.h5,
748,1001267.h5,
749,1001268.h5,
750,1001269.h5,
751,1001270.h5,
752,1001271.h5,
753,1001272.h5,
754,1001273.h5,
755,1001274.h5,1001275.h5
756,1001275.h5,
757,1001276.h5,
758,1001277.h5,"1001284.h5, 1001304.h5"
759,1001278.h5,
760,1001279.h5,
761,1001280.h5,
762,1001281.h5,"1001282.h5, 1001283.h5"
763,1001282.h5,1001283.h5
764,1001283.h5,
765,1001284.h5,1001304.h5
766,1001285.h5,
767,1001286.h5,
768,1001287.h5,
769,1001288.h5,1001289.h5
770,1001289.h5,
771,1001290.h5,
772,1001291.h5,1001292.h5
773,1001292.h5,
774,1001293.h5,
775,1001294.h5,
776,1001295.h5,
777,1001296.h5,
778,1001297.h5,
779,1001298.h5,1001299.h5
780,1001299.h5,
781,1001300.h5,"1001303.h5, 1001304.h5"
782,1001301.h5,
783,1001302.h5,
784,1001303.h5,
785,1001304.h5,
786,1001305.h5,
787,1001306.h5,"1001307.h5, 1001308.h5, 1001309.h5, 1001310.h5, 1001311.h5, 1001312.h5, 1001313.h5"
788,1001307.h5,"1001308.h5, 1001309.h5, 1001310.h5, 1001311.h5, 1001312.h5, 1001313.h5"
789,1001308.h5,"1001309.h5, 1001310.h5, 1001311.h5, 1001312.h5, 1001313.h5, 1001314.h5"
790,1001309.h5,"1001310.h5, 1001311.h5, 1001312.h5, 1001313.h5, 1001314.h5, 1001315.h5"
791,1001310.h5,"1001311.h5, 1001312.h5, 1001313.h5, 1001314.h5, 1001315.h5"
792,1001311.h5,"1001312.h5, 1001313.h5, 1001314.h5, 1001315.h5, 1001316.h5"
793,1001312.h5,"1001313.h5, 1001314.h5, 1001315.h5, 1001316.h5"
794,1001313.h5,"1001314.h5, 1001315.h5, 1001316.h5"
795,1001314.h5,"1001315.h5, 1001316.h5"
796,1001315.h5,1001316.h5
797,1001316.h5,
798,1001317.h5,
799,1001318.h5,
800,1001319.h5,
801,1001320.h5,
802,1001321.h5,
803,1001322.h5,
804,1001323.h5,
805,1001324.h5,
806,1001325.h5,
807,1001326.h5,
808,1001327.h5,
809,1001328.h5,
810,1001329.h5,
811,1001330.h5,
812,1001331.h5,
813,1001332.h5,
814,1001333.h5,
815,1001334.h5,
816,1001335.h5,1001336.h5
817,1001336.h5,
818,1001337.h5,
819,1001338.h5,
820,1001339.h5,1001346.h5
821,1001340.h5,
822,1001341.h5,
823,1001342.h5,1001343.h5
824,1001343.h5,
825,1001344.h5,
826,1001345.h5,
827,1001346.h5,
828,1001347.h5,
829,1001348.h5,
830,1001349.h5,"1001361.h5, 1001393.h5"
831,1001350.h5,1001362.h5
832,1001351.h5,1001364.h5
833,1001352.h5,
834,1001353.h5,
835,1001354.h5,
836,1001355.h5,
837,1001356.h5,
838,1001357.h5,
839,1001358.h5,
840,1001359.h5,
841,1001360.h5,
842,1001361.h5,1001393.h5
843,1001362.h5,
844,1001363.h5,
845,1001364.h5,
846,1001365.h5,
847,1001366.h5,
848,1001367.h5,
849,1001368.h5,
850,1001369.h5,
851,1001370.h5,
852,1001371.h5,
853,1001372.h5,
854,1001373.h5,
855,1001374.h5,
856,1001375.h5,
857,1001376.h5,"1001400.h5, 1001433.h5"
858,1001377.h5,"1001378.h5, 1001379.h5, 1001422.h5, 1001423.h5, 1001424.h5, 1001432.h5, 1001435.h5, 1001436.h5, 1001452.h5, 1001453.h5, 1001454.h5, 1001455.h5, 1001456.h5, 1001457.h5"
859,1001378.h5,"1001379.h5, 1001422.h5, 1001423.h5, 1001424.h5, 1001432.h5, 1001435.h5, 1001436.h5, 1001452.h5, 1001453.h5, 1001454.h5, 1001455.h5, 1001456.h5, 1001457.h5"
860,1001379.h5,"1001422.h5, 1001423.h5, 1001424.h5, 1001432.h5, 1001435.h5, 1001456.h5, 1001457.h5, 1001436.h5, 1001452.h5, 1001453.h5, 1001454.h5, 1001455.h5"
861,1001380.h5,
862,1001381.h5,
863,1001382.h5,
864,1001383.h5,1001419.h5
865,1001384.h5,
866,1001385.h5,
867,1001386.h5,
868,1001387.h5,
869,1001388.h5,1001430.h5
870,1001389.h5,1001390.h5
871,1001390.h5,
872,1001391.h5,
873,1001392.h5,
874,1001393.h5,
875,1001394.h5,
876,1001395.h5,1001396.h5
877,1001396.h5,
878,1001397.h5,1001398.h5
879,1001398.h5,
880,1001399.h5,
881,1001400.h5,1001433.h5
882,1001401.h5,
883,1001402.h5,
884,1001403.h5,
885,1001404.h5,1001488.h5
886,1001405.h5,
887,1001406.h5,
888,1001407.h5,1001461.h5
889,1001408.h5,1001463.h5
890,1001409.h5,
891,1001410.h5,
892,1001411.h5,
893,1001412.h5,1001442.h5
894,1001413.h5,
895,1001414.h5,
896,1001415.h5,
897,1001416.h5,
898,1001417.h5,
899,1001418.h5,
900,1001419.h5,
901,1001420.h5,
902,1001421.h5,1001431.h5
903,1001422.h5,"1001423.h5, 1001424.h5, 1001432.h5, 1001435.h5, 1001436.h5, 1001452.h5, 1001453.h5, 1001454.h5, 1001455.h5, 1001456.h5, 1001457.h5"
904,1001423.h5,"1001424.h5, 1001432.h5, 1001435.h5, 1001436.h5, 1001452.h5, 1001453.h5, 1001454.h5, 1001455.h5, 1001456.h5, 1001457.h5"
905,1001424.h5,"1001432.h5, 1001435.h5, 1001456.h5, 1001457.h5, 1001436.h5, 1001452.h5, 1001453.h5, 1001454.h5, 1001455.h5"
906,1001425.h5,
907,1001426.h5,
908,1001427.h5,
909,1001428.h5,
910,1001429.h5,
911,1001430.h5,
912,1001431.h5,
913,1001432.h5,"1001435.h5, 1001456.h5, 1001457.h5, 1001436.h5, 1001452.h5, 1001453.h5, 1001454.h5, 1001455.h5"
914,1001433.h5,
915,1001434.h5,
916,1001435.h5,"1001436.h5, 1001452.h5, 1001453.h5, 1001454.h5, 1001455.h5, 1001456.h5, 1001457.h5"
917,1001436.h5,"1001452.h5, 1001453.h5, 1001454.h5, 1001455.h5, 1001456.h5, 1001457.h5"
918,1001437.h5,
919,1001438.h5,
920,1001439.h5,
921,1001440.h5,
922,1001441.h5,
923,1001442.h5,
924,1001443.h5,
925,1001444.h5,
926,1001445.h5,
927,1001446.h5,
928,1001447.h5,
929,1001448.h5,
930,1001449.h5,
931,1001450.h5,
932,1001451.h5,
933,1001452.h5,"1001453.h5, 1001454.h5, 1001455.h5, 1001456.h5, 1001457.h5"
934,1001453.h5,"1001454.h5, 1001455.h5, 1001456.h5, 1001457.h5"
935,1001454.h5,"1001455.h5, 1001456.h5, 1001457.h5"
936,1001455.h5,"1001456.h5, 1001457.h5"
937,1001456.h5,1001457.h5
938,1001457.h5,
939,1001458.h5,
940,1001459.h5,
941,1001460.h5,
942,1001461.h5,
943,1001462.h5,
944,1001463.h5,
945,1001464.h5,
946,1001465.h5,
947,1001466.h5,
948,1001467.h5,
949,1001468.h5,
950,1001469.h5,
951,1001470.h5,1001471.h5
952,1001471.h5,
953,1001472.h5,1001473.h5
954,1001473.h5,
955,1001474.h5,1001475.h5
956,1001475.h5,
957,1001476.h5,
958,1001477.h5,
959,1001478.h5,
960,1001479.h5,
961,1001480.h5,
962,1001481.h5,
963,1001482.h5,
964,1001483.h5,
965,1001484.h5,
966,1001485.h5,
967,1001486.h5,
968,1001487.h5,
969,1001488.h5,
